body;70;
object;Hips;display;root;
scaling;
radius;0.01;
length;0.0;
translation;
x;0;0.0;5000;0.0;10000;0.0;15000;0.0;20000;0.0;25000;0.0;30000;0.0;40000;0.0;45000;0.0;50000;0.0;60000;0.0;65000;0.0;70000;0.0;80000;0.0;85000;0.0;90000;0.0;
y;0;0.0;10000;0.0;15000;0.0;20000;0.0;25000;0.0;30000;0.0;40000;0.0;45000;0.0;50000;0.0;60000;0.0;65000;0.0;70000;0.0;80000;0.0;85000;0.0;90000;0.0;
z;0;0.85;5000;1.7;10000;0.85;20000;1.7;30000;0.85;50000;1.7;70000;0.85;80000;1.275;90000;0.85;
rotation;
x;0.0;0.0;
y;0;1.0;5000;1.0;10000;1.0;15000;1.0;20000;1.0;25000;1.0;30000;1.0;40000;1.0;45000;1.0;50000;1.0;60000;1.0;65000;1.0;70000;1.0;80000;1.0;85000;1.0;90000;1.0;
z;0;1.0;5000;1.0;10000;1.0;15000;1.0;20000;1.0;25000;1.0;30000;1.0;40000;1.0;45000;1.0;50000;1.0;60000;1.0;65000;1.0;70000;1.0;80000;1.0;85000;1.0;90000;1.0;
end;
object;part_test;display;Hips;
scaling;
radius;0.01;
length;0.5083;
translation;
x;0;-7.9439493178e-20;10000;-7.9439493178e-20;45000;-7.9439493178e-20;50000;-7.9439493178e-20;60000;-7.9439493178e-20;65000;-7.9439493178e-20;70000;-7.9439493178e-20;80000;-7.9439493178e-20;85000;-7.9439493178e-20;90000;-7.9439493178e-20;
y;0;0.0;10000;0.0;45000;0.0;50000;0.0;60000;0.0;65000;0.0;70000;0.0;80000;0.0;85000;0.0;90000;0.0;
z;0.0;-0.5083;
rotation;
x;0;-2.00732001966e-17;10000;-2.00732001966e-17;45000;-2.00732001966e-17;50000;-2.00732001966e-17;60000;-2.00732001966e-17;65000;-2.00732001966e-17;70000;-2.00732001966e-17;80000;-2.00732001966e-17;85000;-2.00732001966e-17;90000;-2.00732001966e-17;
y;0;6.21648478407e-34;10000;6.21648478407e-34;45000;6.21648478407e-34;50000;6.21648478407e-34;60000;6.21648478407e-34;65000;6.21648478407e-34;70000;6.21648478407e-34;80000;6.21648478407e-34;85000;6.21648478407e-34;90000;6.21648478407e-34;
z;0;-1.90243136732e-17;10000;-1.90243136732e-17;45000;-1.90243136732e-17;50000;-1.90243136732e-17;60000;-1.90243136732e-17;65000;-1.90243136732e-17;70000;-1.90243136732e-17;80000;-1.90243136732e-17;85000;-1.90243136732e-17;90000;-1.90243136732e-17;
end;
object;part_test2;display;part_test;
scaling;
radius;0.01;
length;0.255;
translation;
x;0.0;0.0;
y;0.0;0.0;
z;0.0;0.255;
rotation;
x;0.0;0.0;
y;0.0;0.0;
z;0.0;0.0;
end;
parts_end;
